elevation_m,slope_deg,distance_to_river_m,land_cover,latitude,longitude,actual_class,predicted_class,LOW_probability,MODERATE_probability,HIGH_probability
12.0,5.226249694824219,702.6905755993859,10,13.084949876109649,80.26433449697143,1,1,0.35124516214461865,0.5372447184458056,0.11151011940957595
9.0,3.7006449699401855,1496.6115568684588,10,13.103098454362993,80.2873424627718,0,0,0.7205889771460424,0.11361412651358307,0.16579689634037464
5.0,1.309969782829285,608.4961610865773,50,13.105300723885527,80.26658029259684,0,0,0.6219215727327108,0.3019482967768647,0.07613013049042461
12.0,2.0707030296325684,707.3313828212662,50,13.059827878043668,80.17909600216792,0,0,0.5954940550328206,0.3139097861906733,0.09059615877650616
5.0,0.9263692498207092,2551.947521845269,50,13.09621242187629,80.25046442128269,2,0,0.6660253687954696,0.23303702342547222,0.10093760777905784
11.0,0.9263692498207092,104.50495549112894,50,13.0734123704126,80.18596869511508,2,1,0.3574572996447998,0.42963343022718015,0.2129092701280201
4.0,2.777172803878784,1283.9185747910024,50,12.965071206676589,80.23933440271942,1,0,0.5863034852775104,0.298044135649978,0.1156523790725117
4.0,3.336585760116577,209.0609658883587,10,13.132446022112203,80.27341917822011,0,1,0.2780626386440681,0.426284975440129,0.2956523859158034
7.0,2.618571519851685,1718.3366286465505,50,13.125618526055147,80.25729453046945,0,0,0.9344129698879509,0.025206867636546986,0.04038016247550196
8.0,2.927142381668091,818.733320138238,50,13.12542410452544,80.19271685085135,0,0,0.9098246976788645,0.04976741082991081,0.040407891491224826
4.0,0.9263692498207092,522.7536569346498,50,13.220610721121194,80.27546631091536,1,2,0.18570611353515773,0.4051499646187146,0.40914392184612763
10.0,2.927142381668091,124.6780404977777,50,13.066765306166724,80.22980091256765,0,0,0.40421208465790537,0.30373063889798063,0.29205727644411367
5.0,0.9263692498207092,58.59216562669109,10,13.207080355277624,80.28704201993128,2,2,0.021234089848060432,0.03582803307803308,0.9429378770739066
3.0,1.309969782829285,672.1990097777353,50,12.983072683887134,80.21161912729295,0,0,0.49398693561340623,0.4649777524762818,0.04103531191031192
-3.0,7.865800857543945,261.7130366382798,10,13.125658080551016,80.27113273746245,0,2,0.2134609768251073,0.3805799205589807,0.40595910261591184
7.0,2.927142381668091,172.91071852767016,10,13.019309162566833,80.2345585198972,1,2,0.09093029762876739,0.4360207761828581,0.4730489261883746
11.0,2.618571519851685,1599.0903580125932,50,13.175401465973083,80.27559952341335,0,0,0.8149105616605619,0.1493602716727717,0.035729166666666666
14.0,0.9263692498207092,774.7722259505541,50,13.064356059101874,80.18138682012516,0,0,0.7323833145327217,0.1638662555365731,0.10375042993070575
18.0,1.8522543907165527,1090.3946518986893,50,13.100395532769763,80.1420641904021,0,1,0.22496324145500157,0.7721458194510896,0.002890939093909391
12.0,3.7006449699401855,1523.5419262516657,40,13.077852055349684,80.16058926563353,0,0,0.8557075976397671,0.12161285833579687,0.022679544024436293
7.0,0.9263692498207092,37.29438957527394,50,13.04882113957468,80.27827553613565,1,1,0.2943724847932524,0.5123581327038014,0.19326938250294615
11.0,1.309969782829285,560.727671943208,50,13.01036044307452,80.26686032802537,1,0,0.5477117730738472,0.39275290698293785,0.0595353199432147
12.0,3.924445152282715,3054.437334749437,50,13.107369364286669,80.2020004886491,0,0,0.96465626438643,0.027608261607454013,0.007735474006116207
0.0,1.309969782829285,192.0396413486608,10,12.924334936183524,80.22332635264831,0,0,0.6750447871164788,0.24188731203437086,0.08306790084915082
2.0,1.309969782829285,420.1800752723494,30,13.19805765769378,80.29398942406361,1,2,0.07735326479076476,0.060761994949494975,0.8618847402597403
13.0,1.309969782829285,237.6892806615125,50,12.994223618704218,80.16317622365845,0,0,0.4265457771395274,0.3206165115521734,0.2528377113082995
0.0,2.777172803878784,239.6441186888064,90,13.18674892856519,80.2917149098983,1,1,0.17570276123457604,0.42137448006493483,0.4029227587004896
9.0,0.9263692498207092,382.2010647598793,30,12.99876668093903,80.1700764893168,0,0,0.4207937732202438,0.29423709623709643,0.2849691305426599
3.0,1.309969782829285,1180.1646696926978,10,13.182202325169454,80.28250028576018,1,1,0.2532820582195583,0.5815062437562437,0.16521169802419802
10.0,2.0707030296325684,1841.8065015976576,50,13.11638959241298,80.19505260185727,0,0,0.9629700368357387,0.03134084782100621,0.005689115343255352
1.0,2.0707030296325684,207.5347203653688,40,12.92206070655958,80.218724415125,0,0,0.7735518286860199,0.12985820919276805,0.09658996212121211
2.0,1.309969782829285,505.09744061197085,10,13.216102831974508,80.28009409790204,2,2,0.06028294622044622,0.13507214231846587,0.8046449114610879
11.0,1.8522543907165527,294.22982046866235,50,13.051075188946294,80.27596329652076,0,0,0.5302925693875797,0.3096515568087315,0.16005587380368858
11.0,2.927142381668091,439.68834820467447,50,13.062345086875991,80.26440146981341,0,0,0.5506920510885509,0.2277677590705525,0.22154018984089652
2.0,2.0707030296325684,160.0725438717772,50,13.193568241665645,80.30553750902628,2,2,0.21306401058232968,0.15604296840611498,0.6308930210115556
10.0,1.8522543907165527,1226.209209552644,50,13.084930069603333,80.25741653550624,0,0,0.732355895913883,0.20383916002531077,0.06380494406080682
3.0,2.0707030296325684,3560.576052223512,10,13.197919518322529,80.2455414271675,0,0,0.6976084887334886,0.22482426948051967,0.0775672417859918
9.0,4.976532936096191,40.22864898432516,50,13.008047209457509,80.24842478254129,0,1,0.3704432391978576,0.3881537062759354,0.2414030545262073
11.0,5.839084625244141,371.9044251162073,10,13.010373426270768,80.27147092890151,1,1,0.3224574268610649,0.5143257177763756,0.16321685536255967
14.0,4.622196197509766,2452.11370464978,80,13.102897940807042,80.2181579404822,1,0,0.6210883491508492,0.3493177655677656,0.02959388528138528
10.0,1.309969782829285,1373.4389924613374,50,13.087109448877747,80.22973778582087,0,0,0.685249595287148,0.23995641621824806,0.07479398849460336
13.0,1.309969782829285,2291.164951227334,40,13.091451829842574,80.17207334709607,0,0,0.9007451546628199,0.038650832925025316,0.060604012412154615
6.0,1.8522543907165527,1037.1473652822474,50,12.965077929938897,80.24163927046138,0,0,0.626997151514655,0.2657352317066993,0.10726761677864621
2.0,3.336585760116577,297.1091400511214,50,13.164144180802229,80.29177991019654,2,1,0.3125417691392441,0.5054810270314503,0.18197720382930624
7.0,2.0707030296325684,300.5630477727808,50,13.03048562627816,80.19302557887035,1,0,0.3790047528612488,0.29080131860535674,0.3301939285333942
10.0,2.0707030296325684,38.01202419215146,10,13.077976478134843,80.19978918112407,0,0,0.6671250297904708,0.18249044705294712,0.150384523156582
9.0,2.0707030296325684,1732.5756529578246,10,13.105267659953126,80.25504941067067,2,0,0.7247284009893086,0.09132490511950468,0.18394669389118673
3.0,0.9263692498207092,19.183588993615267,50,12.951535032267008,80.24859455315581,1,1,0.265466927426514,0.5893654744726176,0.14516759810086882
9.0,3.7006449699401855,2624.2015114315204,40,13.1729003287001,80.19486834296157,0,0,0.908617843832363,0.06944808908792753,0.021934067079709282
4.0,0.9263692498207092,324.11377119783856,40,13.213842369923109,80.2801007253784,0,2,0.07142746142746143,0.07463517038517038,0.8539373681873683
3.0,2.618571519851685,2310.7426691008577,90,13.204727891816392,80.25474901397841,0,0,0.7618292124542125,0.18943308080808094,0.048737706737706735
10.0,5.911112308502197,63.42196357226793,50,13.066730697402829,80.21827192026474,0,0,0.508563213679423,0.15117740082900244,0.3402593854915745
13.0,2.777172803878784,1758.5294113649522,50,13.08487634613994,80.2389686945178,0,0,0.7918581348759524,0.11380089362223382,0.09434097150181361
4.0,1.309969782829285,19.374758562599617,80,13.06687259951107,80.26669390706373,2,2,0.054096687847886675,0.18218904913997633,0.7637142630121372
4.0,1.8522543907165527,2357.929682954084,50,13.191185213832307,80.26171105572676,0,0,0.8179092117869137,0.16784971678451485,0.01424107142857143
1.0,2.927142381668091,1777.6277904273984,30,13.170874009020867,80.27330602146822,0,0,0.629492232901507,0.2456211259618517,0.12488664113664115
14.0,1.309969782829285,1449.9407724300795,50,13.09156049624236,80.20666348231218,0,0,0.6898655447044508,0.03463643306114442,0.27549802223440456
7.0,1.8522543907165527,119.42137860127566,50,13.01701442172829,80.22303875492699,2,2,0.2321379375933008,0.2804510457823548,0.4874110166243444
13.0,2.927142381668091,1372.1670238560223,50,13.089363014248528,80.2274247540735,0,0,0.7282362787120078,0.04795873923362024,0.22380498205437108
12.0,2.0707030296325684,212.37220839151323,10,13.064532155854684,80.23903105376468,0,0,0.5232220667404488,0.3726844742267539,0.10409345903279728
1.0,1.8522543907165527,350.46385024025807,30,13.073692940225923,80.2805092181942,0,1,0.199754971797291,0.4679656653765305,0.33227936282617854
12.0,0.9263692498207092,362.00020573626375,50,13.04427428608146,80.26906618300121,0,0,0.534758411153627,0.33417794600517714,0.13106364284119532
11.0,3.814206600189209,1888.8592577998704,50,13.10978191933946,80.25272959525027,0,0,0.7914102737201469,0.11895280233478667,0.08963692394506614
11.0,2.0707030296325684,603.8050864346043,20,13.143741853809493,80.27107939320622,0,0,0.5538516272957064,0.3843595866852446,0.06178878601904916
5.0,2.927142381668091,231.5213996215616,90,13.159616854634123,80.28948619695886,1,2,0.23314501806022214,0.3460510476657657,0.42080393427401225
14.0,2.0707030296325684,1777.5113327196798,50,13.11638237503982,80.19274635859693,0,0,0.981555434412021,0.013991845489580405,0.004452720098398729
3.0,2.618571519851685,3025.155688917978,40,13.186650967808696,80.25711074954074,0,0,0.7932643398268396,0.1224759199134199,0.08425974025974024
4.0,0.9263692498207092,440.4913746547227,60,13.209353636217838,80.29164978809659,2,2,0.08901877508456456,0.159279584998335,0.7517016399171004
8.0,6.650692939758301,633.779613043249,50,13.107593752268947,80.27810461665635,0,0,0.6675864255087653,0.2861627852982257,0.04625078919300885
12.0,3.336585760116577,403.3411370666892,50,13.075901388322864,80.26205539680618,1,1,0.2334851748973982,0.5914807922751708,0.17503403282743119
13.0,2.927142381668091,195.43007545016505,50,13.060044885622808,80.25057363378176,0,1,0.40185327147464245,0.5230989532960715,0.07504777522928616
3.0,2.0707030296325684,2589.9035131735995,30,13.191178556196784,80.25940407682563,0,0,0.8036148603050619,0.09136579792559595,0.10501934176934177
0.0,1.8522543907165527,20.16794049940629,10,12.931116384483524,80.22330538460038,1,0,0.6134841269841269,0.2952863906926406,0.09122948232323233
16.0,2.927142381668091,187.0837072759942,50,13.060071447929076,80.25979664629382,0,1,0.3313761053761054,0.4917504046879049,0.1768734899359899
2.0,2.0707030296325684,138.0662926560264,40,13.2160898028376,80.27547965454184,2,2,0.1586334984459984,0.16620471889221888,0.6751617826617828
10.0,0.0,1447.8256540839673,50,13.096316996664902,80.28736196707261,0,0,0.8814607066909699,0.036368131502999924,0.0821711618060302
9.0,3.814206600189209,478.6934273090083,30,13.071306755397536,80.2367044307524,0,0,0.38526929334449433,0.3421407788212234,0.2725899278342822
11.0,1.8522543907165527,271.06723445139073,50,12.992203734020162,80.24155703868684,0,0,0.5356825649539657,0.38997354416309526,0.07434389088293886
1.0,2.618571519851685,8.982905847650974,90,13.186755293204255,80.29402186379014,2,2,0.11196874397532298,0.2712848740311976,0.6167463819934795
1.0,2.618571519851685,183.0851467645089,50,13.189009401136472,80.29170840318668,1,1,0.16540953416683235,0.5503676554128003,0.28422281042036784
11.0,1.309969782829285,692.734348982338,50,13.060004425576228,80.23673915358577,0,0,0.6893095511942688,0.27420081705100147,0.03648963175472961
4.0,2.0707030296325684,2677.4061235853264,40,13.179896165253211,80.26635870995115,2,0,0.5890497801646145,0.26708690606582175,0.14386331376956382
5.0,0.9263692498207092,152.0833146938158,10,13.213835866909823,80.27779352431443,2,2,0.1086341373087697,0.13245950985289215,0.7589063528383378
13.0,3.924445152282715,136.20157305999942,50,13.06232531575627,80.25748413799887,2,1,0.32681497332341886,0.5498712117952264,0.12331381488135523
7.0,2.927142381668091,900.7177413015586,50,12.992114548085596,80.21159061239457,0,0,0.6368136902431616,0.2711833521880913,0.09200295756874702
15.0,2.0707030296325684,590.9117526582928,50,13.055364878540852,80.19755631061645,0,0,0.8025389311976938,0.16567133642057721,0.031789732381729226
5.0,2.927142381668091,196.7086822615276,50,12.965111240275236,80.2531636285403,0,0,0.41636932739994853,0.3901120124243161,0.19351866017573532
13.0,3.814206600189209,634.027006964063,50,13.078060724877298,80.22745994930152,0,0,0.6307654213550064,0.26537546268444073,0.10385911596055315
1.0,3.814206600189209,81.34623215693996,10,12.949186453363293,80.21863998926177,0,1,0.33303468406593445,0.5378573822011327,0.12910793373293372
2.0,2.927142381668091,1683.2109878987003,80,12.946877128113766,80.20251424224504,1,0,0.5005204413641915,0.4428562132312131,0.056623345404595404
6.0,2.0707030296325684,710.4512018354014,40,13.150503539323651,80.26413956298573,0,0,0.7369822040260816,0.23066210142337057,0.032355694550547494
8.0,2.0707030296325684,1554.6665672924992,50,13.09397858748279,80.25969552885196,0,0,0.8117432300525297,0.131635234199142,0.056621535748328095
6.0,2.777172803878784,149.23936156421703,10,13.017055481575843,80.23687080246562,0,2,0.1138094457531749,0.29494255323621427,0.5912480010106111
1.0,2.0707030296325684,119.70197295935428,60,13.161877330881945,80.28947968368294,2,2,0.13311851040184947,0.3192339346199124,0.5476475549782385
11.0,0.9263692498207092,1701.0900873976875,40,13.120859487236553,80.17889392433055,0,0,0.9742043137246046,0.021649158837547425,0.0041465274378482695
-1.0,0.0,16.701764069479875,90,12.928862748364596,80.22561690156623,1,0,0.5387794150294147,0.32480427905427894,0.13641630591630594
14.0,3.7006449699401855,668.5190639150039,50,13.0622919527552,80.24595527712036,0,0,0.7042999458472946,0.24530925375686405,0.050390800395840735
14.0,4.622196197509766,2015.9581967346965,10,13.14571675437601,80.17650479468136,0,0,0.8298789682539685,0.16531746031746028,0.004803571428571429
10.0,3.814206600189209,224.44888328395493,30,13.023949295650402,80.27604216661753,0,1,0.22193823131891738,0.515535649762241,0.2625261189188417
4.0,2.0707030296325684,1054.6949203013446,50,13.093991780649551,80.26430767255688,0,0,0.822776323234406,0.10683842126290381,0.07038525550268981
14.0,1.8522543907165527,2386.1172245395333,30,13.084603161766529,80.1513426235595,0,0,0.8018581002331004,0.19274812687312678,0.005393772893772893
11.0,6.190611839294434,1010.5555205776924,50,13.123429995250635,80.28267116803372,0,0,0.746528069153069,0.18639402264402263,0.06707790820290821
0.0,5.839084625244141,2465.031337409763,40,13.20246744062246,80.2547558686518,0,0,0.8023047370133213,0.13613048054689625,0.06156478243978243
13.0,1.309969782829285,1840.4597114925389,10,13.087130000415447,80.23665576388707,1,0,0.766866143063888,0.14718923885769414,0.0859446180784182
-2.0,1.309969782829285,413.126172035193,40,12.942411916389208,80.22096576186557,1,0,0.6140920767055944,0.3556840617554279,0.030223861538977822
7.0,1.309969782829285,112.340806964443,50,12.98771614100353,80.25309615595238,0,0,0.47310710531083855,0.36544373592802865,0.16144915876113305
9.0,2.0707030296325684,265.0430665935859,50,13.143529180659854,80.1995772619399,0,0,0.7884412794126776,0.16999222484789225,0.04156649573943006
2.0,0.0,13.019758020834386,40,12.960488831081872,80.21860475506482,1,0,0.4307836330336329,0.41929809773559795,0.14991826923076923
6.0,1.309969782829285,149.5806108491189,50,13.069191130016987,80.28743987441746,1,2,0.1948081227608453,0.37212099168874796,0.433070885550407
3.0,2.0707030296325684,797.3792245052531,10,13.184475666303838,80.28710755362964,1,1,0.1967008893883895,0.6695785742035743,0.13372053640803638
5.0,2.618571519851685,432.6884457283165,40,13.189003014604683,80.28940142932123,1,1,0.1888180425096061,0.5931508822275077,0.21803107526288645
8.0,0.9263692498207092,3060.0581550086363,30,13.148127812375732,80.22493464795177,0,0,0.8671305340529577,0.11975880577388227,0.013110660173160173
12.0,0.9263692498207092,1178.1194256478834,50,13.08243221169031,80.17902127805176,0,0,0.7669306701781688,0.1475842446203578,0.08548508520147345
4.0,0.9263692498207092,325.89901819980736,50,13.218350262180468,80.27547298335034,0,2,0.2085356157213181,0.24610908673045306,0.545355297548229
3.0,1.309969782829285,241.6429724575091,30,13.198019124311765,80.28014708312293,1,2,0.11406417425167435,0.20311196904946918,0.6828238566988567
9.0,0.9263692498207092,2388.16046141859,10,13.109768503340868,80.24811716976157,0,0,0.8423747371361182,0.08886338547888284,0.06876187738499906
3.0,0.9263692498207092,1295.9199956804175,10,12.97401680599344,80.20703775446918,0,0,0.6384140789765786,0.3127221764346764,0.048863744588744595
-2.0,2.927142381668091,264.26056439541594,30,12.924375693882103,80.2371532813777,2,2,0.17150714355089366,0.3966026628192069,0.43189019362989933
16.0,2.777172803878784,89.10076978351606,50,13.066744602598432,80.22288351319793,0,0,0.6975486222111219,0.12717047327672326,0.17528090451215456
4.0,2.618571519851685,233.9021022893073,30,13.21158838853142,80.28241453268679,2,2,0.05117060023310023,0.06030758130758129,0.8885218184593185
10.0,4.136011123657227,710.8545684803032,30,13.071209384205456,80.20442269323702,0,0,0.5422184717768066,0.3738307853438074,0.08395074287938592
10.0,2.0707030296325684,134.96359389690392,10,13.016979641921887,80.21151208516629,0,0,0.5039262212862041,0.36467207789762107,0.13140170081617453
3.0,8.22935962677002,1553.4787655084403,80,13.139043949617465,80.21112421874338,0,1,0.41692978202353215,0.5331751824564325,0.04989503552003551
1.0,1.8522543907165527,152.0626753527715,10,13.207073918097173,80.28473487885711,1,2,0.05652642496392498,0.03142504023754023,0.9120485347985346
10.0,2.0707030296325684,137.24117801832452,30,13.001027121570027,80.17006897772453,2,1,0.25491343445062253,0.4924309637588353,0.25265560179054275
2.0,0.9263692498207092,490.8804329555146,10,13.218356788307792,80.27778022565047,0,2,0.06894009809634807,0.1434793288819024,0.7875805730217492
3.0,0.0,108.27527610294224,40,13.202572228137424,80.29166933739815,2,2,0.021747023809523817,0.00884244227994228,0.9694105339105339
7.0,4.713325023651123,4166.916101689072,50,13.184308795105675,80.22943470452752,0,0,0.6177548497254377,0.36754650414944534,0.01469864612511671
4.0,1.309969782829285,94.377655363044,50,12.969632223584354,80.25315014423916,0,0,0.4677251531331734,0.33181036047452794,0.20046448639229872
8.0,0.9263692498207092,4365.959796884149,10,13.182096376615108,80.2455899495472,0,0,0.5242488116458701,0.44350835030982105,0.032242838044308636
2.0,0.9263692498207092,918.7726465084096,80,13.143722141473772,80.26415977775098,0,0,0.65001856374302,0.22603657685913128,0.12394485939784851
9.0,2.618571519851685,13.122177994015168,10,13.066792623035283,80.23902413017204,0,2,0.2777772634643528,0.2978553362422824,0.42436740029336506
10.0,3.336585760116577,977.2973493212714,50,13.087268670712827,80.28508193386234,0,0,0.74295071728821,0.1724640720724102,0.08458521063937968
3.0,2.0707030296325684,2083.047922738323,10,13.121084247483314,80.25269546572169,0,0,0.46770915167925264,0.2533718388551407,0.27891900946560644
3.0,1.8522543907165527,256.0514069630883,30,13.195790816443065,80.29168887576103,0,2,0.21487513103040698,0.21924585266720922,0.5658790163023842
16.0,3.336585760116577,389.09456016819627,90,13.107184417224415,80.14434682982755,1,1,0.2710194805194807,0.550047700563326,0.1789328189171939
10.0,0.0,921.1208617873752,50,13.087210352842488,80.26432779275798,0,0,0.7005105421983402,0.22025434897773521,0.0792351088239246
1.0,3.814206600189209,485.5621925486787,50,12.962728466276648,80.21168320694973,1,1,0.3134463023088023,0.6636463203463205,0.022907377344877345
4.0,3.924445152282715,514.9908703273423,10,13.213861754139163,80.28702233596731,2,2,0.05492340665870074,0.14286281773781773,0.8022137756034812
10.0,1.309969782829285,1746.9521706579094,50,13.116375137023107,80.19044011671988,0,0,0.9559057928010835,0.0409625607134493,0.0031316464854673175
6.0,3.7006449699401855,433.07032432448847,10,13.222871179659723,80.27545963723682,0,2,0.27592207098457133,0.31175211247086254,0.4123258165445664
7.0,2.927142381668091,722.4595063640144,40,13.078074477857935,80.23207176270446,0,0,0.50728700383264,0.3336697978508268,0.15904319831653363
3.0,2.0707030296325684,170.66389915696547,40,13.0149008757898,80.27376307168622,2,2,0.10429534568739987,0.3910443113050075,0.5046603430075927
13.0,2.0707030296325684,723.0825362177459,50,13.087067789695451,80.21590186541664,0,0,0.812712545982362,0.15409069752326343,0.033196756494374764
12.0,2.0707030296325684,2254.447750966639,50,13.0983276015077,80.20202961552401,0,0,0.9755772323073978,0.011339218150910553,0.013083549541691743
1.0,2.0707030296325684,1341.6178837808754,30,12.95375528201353,80.234759191102,0,0,0.5807599687941258,0.37630965550115286,0.04293037570472163
14.0,0.9263692498207092,189.8136311777854,50,13.042013799448494,80.26907282141306,1,1,0.34965718867905393,0.49316108853163854,0.1571817227893079
2.0,0.9263692498207092,2336.343380173988,80,13.094081824647724,80.29659281786994,0,0,0.482632109436457,0.47572234920876233,0.041645541354780484
0.0,0.9263692498207092,321.62449384980346,40,12.94241879042627,80.22327041130931,0,0,0.6309337993212142,0.3495894461994157,0.019476754479370757
3.0,2.927142381668091,337.7290255915942,30,13.191282586333529,80.29631588901749,0,2,0.28314684103616305,0.2357502201526566,0.4811029388111811
1.0,2.927142381668091,1266.338222862611,30,13.105280947406367,80.2596617596398,1,0,0.44647541925809725,0.24432519549855464,0.30919938524334833
4.0,3.336585760116577,587.1591892424889,50,13.112108239458683,80.2757851860762,0,0,0.5825978245417605,0.35331198032199174,0.06409019513624778
1.0,2.0707030296325684,29.901776818044578,10,13.186767960202204,80.29863577520305,2,2,0.0628559470173276,0.08965339330031492,0.8474906596823577
3.0,2.927142381668091,207.9719875428208,30,13.202597593593469,80.30089775383429,2,2,0.009449765512265512,0.001893939393939394,0.988656295093795
11.0,2.927142381668091,325.7244456686668,50,13.080428921448624,80.26434790161832,2,2,0.19673064047810274,0.3353086725171165,0.4679606870047811
2.0,2.0707030296325684,334.63377451191934,30,13.073686508558838,80.27820332602984,1,1,0.25436099982723204,0.47178236286985836,0.27385663730290966
6.0,0.9263692498207092,1660.2753818184626,60,13.087294054223896,80.29430602858467,0,0,0.7446617808361231,0.1882147231423547,0.06712349602152233
12.0,2.0707030296325684,2377.6213550122006,50,13.123090324428576,80.16966124197238,0,0,0.9909295327846981,0.00877438714857955,0.00029608006672226855
1.0,0.0,2176.8896319571973,80,13.173248730155004,80.31482224709085,1,1,0.10830961478029558,0.871539443690474,0.020150941529231005
2.0,0.9263692498207092,211.4990413241134,30,12.951453829073705,80.22093767627216,1,1,0.36147602699542064,0.5984060784153182,0.04011789458926087
2.0,0.0,2053.6279085959764,50,13.182176336080744,80.27327267153588,0,1,0.36030823448894117,0.512346604331659,0.12734516117940026
12.0,1.309969782829285,71.4716734340495,50,13.064497964478258,80.22750213991564,0,0,0.6936498681873678,0.12358817710067715,0.18276195471195478
20.0,0.9263692498207092,2084.357136490567,50,13.09368248954099,80.1628417314718,0,0,0.818086913086913,0.1655343475968476,0.01637873931623932
13.0,2.927142381668091,209.49448159513648,10,13.00804052457457,80.24611951503445,0,0,0.5029471015096013,0.3963855113432321,0.10066738714716657
10.0,2.618571519851685,760.371449018981,50,13.060091153850868,80.26671391899855,0,0,0.7752308659600804,0.17584884451272298,0.048920289527196285
2.0,2.618571519851685,516.1620056734087,40,13.218363293623868,80.28008746919014,2,2,0.06090812659562657,0.2631255480630481,0.6759663253413253
5.0,3.336585760116577,1077.196961504758,40,12.967338415787902,80.24163242494575,0,0,0.501932862808435,0.3827643188368893,0.11530281835467593
11.0,1.309969782829285,348.3135842844343,50,13.075672807093076,80.18596128356009,1,2,0.1657948991175681,0.39478716254961665,0.4394179383328152
1.0,1.309969782829285,300.9572453989961,40,13.198076643876297,80.30091061094052,2,2,0.0792417582417582,0.03985182178932178,0.8809064199689205
10.0,4.136011123657227,63.30414755706968,50,13.039753312418314,80.2690794585738,0,1,0.28837924569630957,0.5321644399820358,0.17945631432165507
4.0,1.309969782829285,1943.519991618313,50,12.953651467016336,80.2001879323646,1,0,0.6271522019647019,0.3497178377178376,0.023129960317460316
1.0,0.0,2221.0150943707963,80,13.146091868415516,80.3033647009083,1,1,0.15793840265908352,0.8211333150968452,0.020928282244071714
17.0,1.8522543907165527,255.5156522440292,50,13.082546886767714,80.21591615490227,0,1,0.26829393031541754,0.5842080053495615,0.14749806433502088
3.0,2.0707030296325684,2430.981128590709,10,13.17310817279244,80.26407209842077,0,0,0.602008702573904,0.08146306177285977,0.31652823565323546
10.0,11.165250778198242,1867.784942798512,50,13.087300348606608,80.296612055297,1,0,0.6524978515636409,0.20894011544011545,0.1385620329962435
9.0,3.814206600189209,48.04160730042459,10,13.071400094671226,80.26898642445367,0,1,0.1791658946293369,0.5182653541550271,0.30256875121563614
1.0,1.309969782829285,2890.416171561935,10,13.168553916504331,80.25255177199801,2,0,0.3784837384837384,0.3721159673659674,0.2494002941502941
-1.0,2.0707030296325684,576.0160252515245,40,12.940151437230854,80.22097277993525,1,0,0.5832178317644888,0.40872426276888474,0.008057905466626396
10.0,1.309969782829285,37.406542145150624,50,13.062167590801566,80.20445164874668,0,0,0.7373581755110701,0.08690000732878285,0.1757418171601473
8.0,0.0,472.1470581255134,50,13.136747882207622,80.19959923810282,0,0,0.8050044176633161,0.13316871155562898,0.061826870781055115
3.0,1.8522543907165527,2871.0166152408788,80,13.096354851787654,80.30119862818614,0,0,0.6072514057500467,0.3488631775832862,0.043885416666666656
1.0,2.0707030296325684,407.9578148350574,40,13.213868173936406,80.28932954194939,2,2,0.02272522616272616,0.016783515096015098,0.9604912587412591
3.0,2.0707030296325684,61.37749976648199,10,13.202603882992666,80.30320486095218,2,2,0.010315413752913751,0.0009166666666666668,0.9887679195804195
-1.0,2.0707030296325684,338.35941456119536,50,12.931170594806147,80.24174179764333,0,1,0.16111295900481962,0.4871541631599516,0.3517328778352289
13.0,2.777172803878784,1404.759512072111,50,13.094056509968276,80.28736846606455,1,0,0.8547279586871622,0.0446436764592514,0.10062836485358652
11.0,3.336585760116577,525.2141886017517,50,13.10307279162305,80.27811779398158,0,0,0.6314723949374137,0.26823509995873573,0.10029250510385042
1.0,2.927142381668091,684.3870330898718,10,12.951426109314433,80.21171875958737,0,1,0.24098580586080587,0.7476158424908428,0.011398351648351648
14.0,3.336585760116577,699.959810988327,50,13.08477915875169,80.20668517473763,0,0,0.7405072005658204,0.22195514084856097,0.0375376585856184
2.0,24.358583450317383,1827.3239927734671,80,13.18229682700519,80.31710401241644,0,1,0.30433575901222976,0.613147546897547,0.08251669409022347
16.0,1.309969782829285,423.312130918934,50,13.032788785482358,80.20685107718666,0,0,0.7430561330385643,0.19683261402412155,0.060111252937314265
12.0,4.136011123657227,2951.986502909015,50,13.107418839048645,80.21814366890386,0,0,0.9449718307644962,0.03914386766806008,0.015884301567443773
11.0,2.927142381668091,339.87388198365926,50,13.084969497272413,80.27125246977691,1,0,0.40799310820181695,0.3462100679862874,0.24579682381189577
5.0,2.927142381668091,161.509011366058,10,13.021616766751537,80.25068931215564,1,2,0.17743050588549472,0.32548499369500666,0.49708450041949875
8.0,1.8522543907165527,901.2913386376802,50,13.0758881728433,80.2574435917627,0,0,0.5320659436177109,0.37113942156735824,0.09679463481493093
7.0,3.336585760116577,486.145489759819,50,13.168671489168004,80.29407370437926,0,0,0.5303935203549176,0.30105871361753733,0.16854776602754545
17.0,2.777172803878784,1805.4651754983213,10,13.138928100327664,80.17422096527744,0,0,0.7995967261904764,0.1927395833333334,0.007663690476190477
7.0,0.9263692498207092,2278.231915234618,50,13.09169148542402,80.25047809081639,2,0,0.5230871114512702,0.30990764496190737,0.1670052435868226
12.0,3.814206600189209,203.9652287389553,50,13.06233851705962,80.26209569127715,0,1,0.32099709050695907,0.5118435071872572,0.16715940230578386
-1.0,2.927142381668091,433.4976942697748,50,12.9356915779547,80.24172814420052,1,1,0.22995703159889214,0.6111014009711598,0.158941567429948
11.0,4.622196197509766,295.26932064288127,50,13.089490457351385,80.27123918616317,1,0,0.47729000443738023,0.3308665469394901,0.19184344862312966
0.0,1.309969782829285,581.4249272515244,10,12.910839478573555,80.24641191730862,2,2,0.18782731157731164,0.3231438283938285,0.48902886002886
12.0,2.927142381668091,1452.630797856017,10,13.093856139531484,80.21818646756572,2,0,0.7365099000554051,0.027878757339009907,0.2356113426055847
14.0,2.777172803878784,113.83235969893948,50,13.0599701436732,80.22521045598958,0,0,0.743878272497012,0.1216154014291217,0.13450632607386642
7.0,0.9263692498207092,802.046757376228,50,13.096258822631,80.26660705807353,0,0,0.912236821079418,0.0707633735359084,0.016999805384673806
3.0,0.9263692498207092,3594.7187308653465,40,13.16394394426907,80.22257822604412,0,0,0.6949630230880234,0.25709749278499294,0.047939484126984136
11.0,0.9263692498207092,2094.831408410669,40,13.116338637288353,80.178908928222,0,0,0.9783782837524833,0.019782075574733965,0.0018396406727828746
14.0,1.309969782829285,154.06029985562876,10,13.071333835188158,80.24592783185646,0,0,0.43434823773743114,0.40485533483601843,0.1607964274265504
4.0,4.136011123657227,210.1886193282471,50,13.02167588906844,80.27143791632979,0,1,0.2411812169883781,0.43494764001969444,0.3238711429919276
1.0,2.777172803878784,4.739193540330299,10,12.98319516402236,80.25310966068729,1,2,0.2213062746077453,0.330866709883254,0.4478270155090007
6.0,0.0,4817.524368770633,40,13.186589949348315,80.23634839010485,0,0,0.6496774887694003,0.32959649582443684,0.02072601540616246
4.0,2.777172803878784,48.86793425727232,50,13.16413780672934,80.28947316918862,1,2,0.13578495494214152,0.30881948872876913,0.5553955563290897
12.0,3.814206600189209,32.71361529918269,10,13.060130010753722,80.28054849819941,1,1,0.3251613421300923,0.5126614565989567,0.1621772012709513
6.0,2.0707030296325684,75.95626903065956,10,13.077962148872151,80.19517740542932,1,2,0.3217338642716934,0.24140742178143512,0.43685871394687176
14.0,0.0,613.5392151084706,90,13.109437156512335,80.1420328697551,1,1,0.23765981240981252,0.7540654761904767,0.0082747113997114
13.0,0.0,1426.4856360723904,50,13.050771465233408,80.17451460511242,0,0,0.8271901035332266,0.06935295736963969,0.10345693909713334
-2.0,4.136011123657227,2009.267699972392,80,13.08956084101865,80.29660564402619,1,0,0.5051103558277468,0.3781052480128567,0.11678439615939616
1.0,3.814206600189209,29.966423813146985,10,13.13245252503179,80.27572561494897,1,2,0.08081216793682718,0.4264641697466688,0.4927236623165037
4.0,2.0707030296325684,906.8727992222068,40,13.139214365135857,80.26878623924101,0,0,0.7395677566283303,0.2292741894481455,0.03115805392352423
4.0,2.927142381668091,2989.9303064294127,10,13.177622464869165,80.26175173728802,0,0,0.48206654640294294,0.16757034591225772,0.35036310768479884
13.0,3.336585760116577,222.7888345072623,50,13.06898416841411,80.21595899113164,0,0,0.4493183207522562,0.4035726137815012,0.1471090654662426
12.0,6.190611839294434,443.24897151054535,30,12.992190237970524,80.23694680477122,0,0,0.4820951903488666,0.38124810320398567,0.1366567064471476
14.0,0.9263692498207092,2165.7771619922514,50,13.082357863311229,80.15596216178153,0,0,0.8402819819069818,0.14660797535797537,0.013110042735042732
1.0,0.9263692498207092,211.8875135737554,40,13.155089510686112,80.28719256462284,2,2,0.150492964566412,0.3813503668764405,0.4681566685571476
0.0,2.777172803878784,480.0233184394466,50,12.937952068937337,80.24172131553543,1,1,0.24698939985135637,0.6526343520006564,0.10037624814798725
3.0,2.777172803878784,3251.6299758238274,40,13.179876272300222,80.25943808721253,0,0,0.5814287760850256,0.1879415168165168,0.23062970709845704
8.0,4.713325023651123,70.7662909612418,50,13.019240102616994,80.21150493823403,0,2,0.11891509139096128,0.13855590218031064,0.7425290064287283
11.0,3.7006449699401855,70.19404895917239,50,13.06916553595965,80.2782164662625,1,1,0.2568583209071634,0.5057284871117279,0.2374131919811092
11.0,3.7006449699401855,648.3273643280054,50,13.078067611658565,80.22976585534344,0,0,0.5334379649487236,0.35218926238452625,0.11437277266675017
-2.0,2.618571519851685,436.8119901264352,50,12.931102628474658,80.21869629453278,0,0,0.60493627289683,0.3089155559556722,0.08614817114749798
17.0,4.622196197509766,764.06707585749,50,13.021393112632616,80.17691735824508,2,0,0.43149324094115754,0.3639262644354556,0.2045804946233867
13.0,0.0,729.8598719498085,80,13.104916345441506,80.14204853301833,1,1,0.09874846681096684,0.8945992965367969,0.006652236652236652
16.0,0.9263692498207092,1276.0149483649388,50,13.098180780103757,80.1559083001519,1,0,0.8414433139199667,0.12797721221435304,0.03057947386568045
0.0,5.839084625244141,842.5833853720211,50,12.940137630566374,80.21636352655925,0,0,0.6708740453990455,0.30564678793428784,0.02347916666666666
6.0,2.0707030296325684,3051.1115775083204,50,13.130105915501115,80.24574893388042,0,0,0.7493838338185685,0.18489545080878192,0.06572071537264952
2.0,2.777172803878784,412.4355004743404,50,12.947000722123049,80.24399869069154,1,1,0.22461762710242236,0.7284693470281279,0.046913025869449815
13.0,4.622196197509766,2107.100225015426,50,13.089410832199992,80.24356685912228,0,0,0.6921685893819256,0.09995839800677224,0.20787301261130187
7.0,0.9263692498207092,2565.2868762345443,50,13.130119394371391,80.25036173603874,1,0,0.8367987978348385,0.12931763756514697,0.03388356460001467
9.0,1.309969782829285,2852.7427891472844,10,13.17082108173925,80.25485169983811,0,0,0.6998005328731141,0.14145701085715373,0.1587424562697321
4.0,3.814206600189209,424.7152982779156,10,13.150568557660751,80.28720562490128,0,2,0.23888204239846644,0.25092089627015385,0.5101970613313798
2.0,2.0707030296325684,808.4665182749306,50,13.12790544908114,80.2665132909372,1,0,0.6657208538140602,0.2708592722193266,0.06341987396661311
13.0,2.777172803878784,732.3322130589746,50,13.08032118354903,80.22745291290222,0,0,0.7982366083987906,0.1447189240344562,0.057044467566753354
11.0,4.713325023651123,138.7985918689768,50,13.069005060789538,80.222876441458,0,1,0.36321089290826153,0.36681800140004484,0.2699711056916938
8.0,0.9263692498207092,1017.5370990500631,50,12.960609989689756,80.26009161316493,0,0,0.7115432132624858,0.1853655241988833,0.10309126253863092
4.0,2.927142381668091,33.81384594951656,10,13.209321444614476,80.28011397662479,2,2,0.0677879630581836,0.09723050927830337,0.834981527663513
3.0,2.0707030296325684,202.95958852428345,40,13.218395508033714,80.29162370534296,2,2,0.007479527417027418,0.012458333333333333,0.9800621392496395
15.0,0.0,2400.399011359949,50,13.084618281194716,80.15595447160015,0,0,0.7601798340548342,0.1978691197691197,0.041951046176046176
4.0,0.9263692498207092,404.4935394414064,50,12.974044739060496,80.21625749216265,0,0,0.6332139441149293,0.31877779186481936,0.04800826402025148
5.0,2.0707030296325684,567.2957676617356,50,13.177726052402932,80.29866153575344,0,0,0.558654766393737,0.32487080280830294,0.11647443079796017
16.0,1.309969782829285,232.49673470748704,50,13.073383146073915,80.1767453505247,2,1,0.14333156387637527,0.6709207582686354,0.18574767785498916
9.0,0.0,1047.7464162548176,50,13.125438528907198,80.19732950730854,0,0,0.9267028615496927,0.03790742741016742,0.03538971104013997
8.0,1.8522543907165527,2800.561657707149,50,13.096198979010712,80.2458522508392,0,0,0.8214898615988018,0.11739160514039636,0.06111853326080184
4.0,2.0707030296325684,942.057445679204,50,13.10754803216046,80.26196119942712,0,0,0.7849480095111516,0.1166767763132953,0.0983752141755529
9.0,3.7006449699401855,832.2900760407388,50,13.127698962847909,80.19732216907255,0,0,0.934978695137191,0.04311628261943629,0.02190502224337278
7.0,2.0707030296325684,2634.051500259813,10,13.20020698902665,80.25476272204646,0,0,0.7522794595946612,0.20280510861490664,0.04491543179043179
4.0,0.0,2217.9424387980807,40,12.937828197769834,80.2002383856467,0,0,0.7065311702186701,0.262394425019425,0.031074404761904758
16.0,2.0707030296325684,998.0893183712396,50,13.107237501980007,80.16048976459497,0,0,0.8757356223060251,0.11275625608714686,0.011508121606828188
12.0,6.522665023803711,420.6661244475361,10,13.069113360570729,80.2597697095314,1,1,0.245117159632425,0.5720455044653414,0.18283733590223367
13.0,2.0707030296325684,709.938673804534,50,13.084793289776336,80.2112970900826,0,0,0.6885215917113289,0.2457098335294553,0.06576857475921627
4.0,1.8522543907165527,679.3380419297525,50,13.075978952553264,80.28972633211727,0,0,0.6305639016732727,0.32185191031616556,0.04758418801056185
5.0,2.618571519851685,988.5394846920212,50,13.100773204868087,80.26428754101353,0,0,0.8787590786907696,0.06986704933722533,0.05137387197200481
14.0,2.618571519851685,187.1183034526968,10,13.069080082495256,80.24824052764122,1,1,0.3395776533764341,0.5740364402903411,0.08638590633322522
5.0,2.0707030296325684,57.95493263279003,50,13.087236477872292,80.2735518430413,2,1,0.10270651446593228,0.45678398575094037,0.4405094997831273
7.0,1.8522543907165527,876.6011318292966,50,13.107600201190076,80.28041082409678,0,0,0.8984631629765145,0.08924396706449725,0.012292869958988381
2.0,0.9263692498207092,67.03945378062996,40,13.19352395627817,80.28938836986347,2,2,0.16385842161970207,0.3034775827534374,0.5326639956268604
6.0,2.927142381668091,214.74784764346165,50,13.21382279847166,80.27317912590873,1,2,0.2884000973441765,0.2920388704862389,0.4195610321695846
11.0,2.618571519851685,1488.7726134660795,50,13.082622668443362,80.24128158313336,0,0,0.7731980931313029,0.14734711677192178,0.07945479009677545
15.0,0.9263692498207092,814.5326420751041,10,13.087060774411112,80.21359588336009,0,0,0.7848390868044501,0.17186522872129392,0.043295684474255906
14.0,1.309969782829285,499.3114446197666,30,13.062258075841289,80.23442644851828,0,0,0.7634760260393044,0.17708082660625812,0.059443147354437675
8.0,2.0707030296325684,617.1439602971708,10,12.944766795830416,80.2532242446986,0,0,0.5122695335710042,0.360920856920857,0.12680960950813888
9.0,3.336585760116577,1664.8952339716216,50,12.985305028864271,80.2023918572459,0,0,0.8524296555603318,0.11565631481401605,0.031914029625652436
1.0,2.0707030296325684,2130.038631565855,50,13.191191850701138,80.26401803589447,0,0,0.6369750834152851,0.2762947578545558,0.08673015873015869
1.0,3.7006449699401855,129.81369309928823,30,13.07820747956592,80.2781901808529,1,1,0.10652965890754001,0.4620235273015984,0.43144681379086136
1.0,0.9263692498207092,2248.43839084384,80,13.155146277442071,80.30795250524315,1,1,0.05343254046572124,0.9322012263522562,0.014366233182022655
3.0,1.8522543907165527,65.07973246831376,10,13.220597604111743,80.27085178756224,2,2,0.1307705072705073,0.1269161671661672,0.7423133255633261
10.0,1.309969782829285,435.3269871000329,50,13.028210781832565,80.18842205426286,0,2,0.35805957813621175,0.2424085559409859,0.3995318659228022
1.0,2.927142381668091,458.410261680592,40,13.19350466526053,80.28246732843041,1,1,0.09805397972394124,0.7420650167156737,0.15988100356038487
3.0,0.9263692498207092,2916.070555347964,40,13.188911423002398,80.25710392500511,0,0,0.7500971320346319,0.1550955086580087,0.0948073593073593
13.0,3.814206600189209,998.71175533016,10,13.123156430866436,80.19041792478306,0,0,0.9311916939721583,0.052518382826806154,0.0162899232010357
8.0,1.8522543907165527,234.99865875457047,10,12.987689485575627,80.24387583417366,0,0,0.473822294756329,0.43364195809608186,0.09253574714758926
10.0,3.336585760116577,806.5186183841748,50,13.087216914996182,80.26663380344856,1,0,0.6069080645563547,0.255901446214041,0.1371904892296042
3.0,3.814206600189209,1609.1394140583216,50,13.182189372129743,80.2778864761707,0,1,0.23338901828847494,0.7172270884308931,0.049383893280632425
4.0,2.0707030296325684,116.52275577330694,50,13.080448535599803,80.27126574839792,2,1,0.13097884114435632,0.5149026463142505,0.3541185125413931
2.0,2.777172803878784,481.6641249796968,10,12.924314282855724,80.21641290614521,0,0,0.6791370387653285,0.23593471112221098,0.08492825011246062
0.0,3.814206600189209,566.7052933597066,10,13.145989200464854,80.26645959909924,0,0,0.46772893140356364,0.40051132139918905,0.13175974719724726
13.0,3.336585760116577,321.289418416935,50,13.080208175758775,80.19055826289747,0,1,0.20279864987953228,0.540086395426469,0.25711495469399864
6.0,0.9263692498207092,2721.7763138870964,60,13.152634743714811,80.22030725405402,0,0,0.7429396618744284,0.21997551111683142,0.037084827008740065
9.0,1.8522543907165527,104.94952450494016,50,12.996751452237328,80.25076396539839,1,0,0.4967256759607527,0.3240063390843104,0.17926798495493732
15.0,1.309969782829285,1279.847950847805,40,13.030345529211656,80.14922237620175,0,0,0.7558899398792966,0.2252526951711734,0.018857364949529803
4.0,3.336585760116577,551.8257187820145,30,13.157304666952154,80.2710393325323,1,0,0.4704200350636865,0.37936381405646313,0.15021615087985057
14.0,2.0707030296325684,1228.3933340668384,50,13.046315932317215,80.19527988573658,0,0,0.9311922665488426,0.043155000288553055,0.025652733162604503
4.0,2.0707030296325684,1500.4525143939395,10,13.179928905206584,80.27789310629726,0,0,0.42292353316618025,0.39652195680136865,0.18055451003245118
2.0,1.8522543907165527,782.0290948806295,60,12.95147440494812,80.22785187778176,0,0,0.5560314972603311,0.3435922991407257,0.10037620359894305
4.0,2.0707030296325684,4149.932770877891,40,13.173040965084509,80.24100404844262,0,1,0.4638584144613558,0.5099633438456965,0.026178241692947576
3.0,4.622196197509766,2038.6529251961665,50,13.089431016599676,80.25048492365738,2,0,0.4800281337814231,0.3433146534021531,0.17665721281642333
11.0,1.309969782829285,849.8295684212512,90,13.125402313015933,80.18579787655183,0,0,0.7718654401154401,0.21723475829725833,0.010899801587301588
4.0,2.0707030296325684,198.52220277233243,80,13.150562148980605,80.28489901314506,2,2,0.2696731771604172,0.34171218558601274,0.38861463725356993
6.0,0.9263692498207092,2262.7884451479085,40,13.127748806320596,80.21346665735572,0,0,0.7244021066760037,0.23653699866310174,0.03906089466089466
5.0,2.0707030296325684,45.54823373369,50,13.089496958873832,80.27354522162459,2,1,0.09610723992586824,0.4954606008217118,0.4084321592524198
-1.0,5.386162281036377,503.774875462112,10,13.125651539785054,80.26882636648432,0,1,0.37081265802789143,0.37389965107356415,0.2552876908985445
7.0,0.9263692498207092,53.6651774760099,50,13.062318684269403,80.25517836326473,2,2,0.25028686686628854,0.2703924679609104,0.47932066517280114
2.0,1.309969782829285,3090.307111154269,10,13.182136729882185,80.2594312876759,0,0,0.46274765512265476,0.08635626873126871,0.4508960761460763
5.0,2.777172803878784,430.0836724397523,30,12.985442368257882,80.2484927871711,0,0,0.63771268873845,0.2374767329297929,0.12481057833175693
18.0,2.618571519851685,1808.019951524584,10,12.985226008780852,80.17703657633851,0,0,0.8330647115565596,0.12213947314762535,0.044795815295815306
6.0,3.336585760116577,650.9916530180068,50,13.200266576183012,80.27552631806901,0,1,0.2783810425685426,0.5569570082695082,0.16466194916194918
14.0,0.0,2951.404585606434,50,12.978488050383064,80.19088864717938,0,0,0.7937487592340284,0.13218080900475074,0.07407043176122122
1.0,2.927142381668091,3.056092692573744,80,13.0193562855966,80.25069610522377,2,2,0.03675772144522145,0.20011422360319425,0.7631280549515842
2.0,3.814206600189209,470.9181481716772,40,13.19580986158478,80.29860999540203,0,2,0.18075165112665115,0.2460113246638983,0.5732370242094508
2.0,2.927142381668091,4332.717629991907,40,13.186576161343025,80.23173454676075,0,0,0.6439137251637252,0.3175663433788434,0.03851993145743146
2.0,2.0707030296325684,535.5393098661862,50,12.974065474530937,80.22317230951755,0,0,0.47963545343545333,0.47620312881562876,0.04416141774891774
13.0,0.9263692498207092,1541.5615903437604,40,13.120866831087696,80.18120020136257,0,0,0.9781543545463559,0.015752960007138068,0.006092685446506279
14.0,2.618571519851685,2079.231400100134,50,13.082365390793491,80.15826806696877,0,0,0.8620462315462316,0.12640622571872578,0.011547542735042736
6.0,2.0707030296325684,826.5738155426692,50,13.105294152352634,80.26427411368266,0,0,0.8615460492366176,0.09510103347901193,0.043352917284370136
9.0,0.9263692498207092,283.3609060910314,50,13.021669401884946,80.26913251082675,0,1,0.31800482474942593,0.3953932636360107,0.28660191161456366
8.0,2.927142381668091,1018.6957724520728,50,12.901804112178027,80.2487432872433,2,0,0.4093088647463645,0.1982911324786324,0.39240000277500253
10.0,3.336585760116577,1710.154197416762,10,13.150346141411069,80.21108810586918,0,0,0.7981747433693666,0.15615818069103196,0.04566707593960148
1.0,0.9263692498207092,458.0436369585,50,12.971804999664895,80.22317932542032,0,1,0.4417161289078718,0.525788567690919,0.03249530340120915
9.0,4.713325023651123,393.466735921305,50,13.042007281260934,80.266767228921,0,0,0.48691497775427495,0.29925046300662617,0.21383455923909897
8.0,0.0,247.7664782839928,10,13.064572507024767,80.25286579333758,1,1,0.3085920621413608,0.45472371435483017,0.23668422350380897
-3.0,0.9263692498207092,583.7338293961238,50,12.93116388971626,80.2394372414367,0,1,0.2929311006245218,0.6152301636959531,0.09183873567952512
3.0,1.8522543907165527,167.26032236157585,50,12.94700739495502,80.24630339475927,1,1,0.19965282600772824,0.6913958248529481,0.10895134913932343
3.0,1.8522543907165527,60.50808847275166,50,13.195828719752615,80.30553112587343,2,2,0.10537104562104561,0.09001820054945057,0.8046107538295036
8.0,2.0707030296325684,2548.7814901322504,10,13.161648323184238,80.211051959181,0,0,0.758411807784074,0.20895498997131046,0.03263320224461529
-2.0,2.618571519851685,121.9238367791503,40,12.933383715188766,80.22560296036438,0,0,0.6426777563689865,0.2690257912692371,0.0882964523617763
3.0,0.9263692498207092,266.0692791329266,40,13.225151164107167,80.28237488415942,0,2,0.18172727966477972,0.029003898878898874,0.7892688214563214
1.0,1.309969782829285,157.52406345033663,50,12.922115202959958,80.23716014372017,1,2,0.06491528263403261,0.3301830526929211,0.6049016646730462
7.0,2.0707030296325684,1085.8295397568684,60,13.080506266375474,80.29201935570636,0,0,0.7493802582866047,0.19378770449107136,0.0568320372223236
5.0,0.9263692498207092,71.18979104622646,90,13.198038484505147,80.28706824808879,1,2,0.0763052036757532,0.07964646464646466,0.8440483316777828
8.0,2.0707030296325684,2133.585763724492,50,13.177648859631136,80.27097915714738,0,0,0.7666597342430941,0.17638694028335977,0.056953325473546056
15.0,0.0,2424.1985464249533,10,13.086863576548998,80.15133488991788,0,0,0.7376482059607057,0.22587713675213672,0.03647465728715729
0.0,2.777172803878784,447.0290423929256,40,12.951433069817664,80.21402348674732,0,0,0.5179225313768918,0.4686073278465721,0.013470140776536124
3.0,0.9263692498207092,4356.694188891134,40,13.179787911707445,80.22944885549005,0,0,0.5031583694083693,0.4623178973803973,0.03452373321123321
10.0,0.9263692498207092,61.52855376478545,50,13.06212465680312,80.19061720288984,0,0,0.5425011887913674,0.1743039064110493,0.2831949047975833
4.0,2.927142381668091,1448.9389044949542,10,13.1640729262373,80.26640582677719,0,0,0.7203250154481221,0.18151492555450305,0.09816005899737515
6.0,1.309969782829285,355.6992759601828,60,13.177719733770523,80.29635466415907,0,1,0.3584019218798631,0.3843307034740858,0.257267374646051
-2.0,3.336585760116577,364.11438800566486,30,12.931130059121534,80.22791447997673,0,0,0.68813871164745,0.22641282257793896,0.08544846577461146
2.0,1.309969782829285,244.87549327552185,10,13.200318129387735,80.29398293248448,2,2,0.034253787878787884,0.034369796869796874,0.9313764152514149
14.0,1.309969782829285,929.7634355980376,50,13.078108500124564,80.24360131915766,0,0,0.8637400277285774,0.09761052345726708,0.038649448814155864
12.0,2.927142381668091,340.0663846002114,50,13.066826306437084,80.25055318146565,1,0,0.5019439161013228,0.4282621306006816,0.06979395329799574
2.0,0.9263692498207092,232.4332750289488,40,12.95370048463598,80.21632114897069,0,1,0.270975834984969,0.7133964873309576,0.015627677684073034
2.0,0.0,2342.8027310716675,80,13.148358595764112,80.30566492194768,0,1,0.0902647013603821,0.8983064058949357,0.01142889274468222
13.0,6.650692939758301,445.4170842112875,10,13.10304679890747,80.26889314497966,0,1,0.37249567235300934,0.4738333472083473,0.15367098043864355
9.0,3.336585760116577,55.35219362293714,50,12.994490966721823,80.25077074436642,0,0,0.447419579428508,0.37417568740783014,0.17840473316366165
5.0,1.309969782829285,49.10937435731714,10,13.222858060328962,80.27084507138848,2,2,0.1589799793752,0.17189882707162119,0.6691211935531794
11.0,2.927142381668091,388.2472557557032,50,13.055336106887903,80.1883336092538,0,2,0.3440850356343004,0.2722320701765556,0.38368289418914414
9.0,2.927142381668091,347.58698824589777,50,13.017122276030571,80.2599243190661,1,1,0.2612554217060623,0.45046778825928535,0.2882767900346529
4.0,2.777172803878784,226.27441899990345,50,13.078168443520568,80.26435460205185,2,2,0.16702742787750868,0.3004982411826566,0.532474330939835
5.0,2.618571519851685,2359.2002146787586,80,13.091827609058614,80.29890530150135,0,0,0.6472155214954128,0.3035755138581225,0.04920896464646465
13.0,3.7006449699401855,2424.624722158956,50,13.037201495130269,80.17225409366608,0,0,0.8562722282145646,0.11903521475644668,0.024692557028988697
14.0,5.839084625244141,1003.4974926445894,50,13.138853006121172,80.15115661484869,0,0,0.5465113581276339,0.4407866726459404,0.012701969226425747
11.0,2.927142381668091,3716.161621332716,40,13.15268323565029,80.2364534612987,0,0,0.9517009062530561,0.04006443142913925,0.008234662317804519
2.0,0.9263692498207092,2009.409827095452,40,13.186684140383315,80.26864543845979,0,0,0.48060816969175385,0.46593521053912623,0.05345661976911977
5.0,3.7006449699401855,96.0550912196964,80,13.198032051885589,80.28476119187167,0,2,0.059049202868281796,0.11316132478632478,0.827789472345394
11.0,2.0707030296325684,311.99359418153364,10,12.998998597652276,80.24614681577538,0,0,0.5186464763232158,0.3917666456747549,0.08958687800202894
5.0,2.0707030296325684,1142.7637515605547,50,13.112062358571984,80.25964148289185,0,0,0.8677254046719745,0.06512455736729648,0.06715003796072887
3.0,2.927142381668091,3707.195907236312,10,13.18211664663149,80.25251061284172,0,0,0.5463004366956571,0.3001734886845183,0.1535260746198246
5.0,3.924445152282715,3725.304331626102,50,13.159436985434809,80.2272058049666,0,0,0.8292540571883315,0.16317848249420838,0.007567460317460318
3.0,4.136011123657227,461.3142487947935,30,12.949261212340318,80.24399187631568,1,1,0.2721090469038486,0.5526328396026179,0.17525811349353357
10.0,4.622196197509766,1977.969269463205,50,13.11440724568785,80.28961620669462,0,0,0.8918770951270958,0.05991071428571427,0.04821219058719058
2.0,0.9263692498207092,1483.594326074833,50,12.974092836048904,80.23239208456822,0,0,0.7342445380626873,0.21127239254198638,0.054483069395326274
12.0,3.336585760116577,646.6194226808152,50,13.071085727514896,80.16522380055503,0,0,0.49414583816840724,0.42578860215668357,0.08006555967490925
3.0,0.9263692498207092,692.0455965625682,30,13.198006113625333,80.27553297931453,1,1,0.229826003857254,0.6360549207736707,0.13411907536907536
0.0,1.8522543907165527,240.1131367611996,30,12.915353817662238,80.24409395630376,2,2,0.036719710844710846,0.0432109903984904,0.9200692987567989
9.0,2.0707030296325684,542.3271538005554,50,13.04426776672566,80.26676056957392,0,0,0.6699433117633024,0.23383702041670096,0.09621966781999677
2.0,1.309969782829285,87.74455834305043,50,13.18677426256099,80.30094273271625,2,2,0.17103992498729348,0.17120503692214217,0.6577550380905646
-2.0,0.9263692498207092,161.96664895179117,30,12.940171994547237,80.22788666997457,0,0,0.615298404074456,0.2966388984002014,0.08806269752534289
11.0,2.0707030296325684,1247.8905169706302,50,13.120895999985493,80.19042532348267,0,0,0.9861750662209472,0.006486822141735496,0.007338111637317532
3.0,2.0707030296325684,3010.7375606385667,20,13.200193518841148,80.25014860356087,0,0,0.7565450799200802,0.18158397158397166,0.061870948495948486
7.0,0.0,3406.4079099308788,30,13.170690061382686,80.21102301747946,0,0,0.7546244461420935,0.22336761734997032,0.022007936507936504
8.0,1.309969782829285,14.897773519509968,50,13.04202677425177,80.27368401014654,1,1,0.19287586342819055,0.6744694278787786,0.1326547086930309
12.0,5.617307186126709,2943.100768519753,10,13.098459444238488,80.24584537208737,0,0,0.785880040610206,0.16385614844284085,0.05026381094695315
11.0,2.0707030296325684,587.3017831569069,50,13.066616494772065,80.1813793722005,0,0,0.4601779174745687,0.3549709357736017,0.18485114675182923
2.0,1.309969782829285,1636.390489589064,50,12.955918997399,80.20248548122413,0,1,0.4038348081656904,0.5918524212715391,0.004312770562770562
10.0,0.0,1537.612185919355,50,13.091718114301518,80.25970227888973,0,0,0.7682289376187095,0.13158770261240468,0.1001833597688861
4.0,2.0707030296325684,744.2422935332922,10,13.143787125121966,80.28722520615338,0,0,0.5511411102750614,0.32944315758126486,0.11941573214367329
-1.0,0.9263692498207092,58.674225378555086,80,12.90629846754281,80.23951247063837,2,2,0.04624493215118214,0.12352240635396596,0.8302326614948515
13.0,3.814206600189209,1378.3687934375782,50,12.999044928678329,80.26228313094148,0,0,0.6709057886557881,0.19121771284271294,0.13787649850149852
9.0,1.309969782829285,16.434735692383832,50,13.066758425540714,80.22749511145369,0,2,0.3150652122243568,0.1662797609085366,0.518655026867107
2.0,4.713325023651123,147.09996261100906,50,12.967371732127416,80.25315688702818,0,1,0.2377043692985409,0.5932595278070375,0.16903610289442209
8.0,1.8522543907165527,2771.6973708989726,30,13.15497094508492,80.2456729832586,0,0,0.6400366552047201,0.21892265489942647,0.14104068989585297
10.0,2.927142381668091,1944.084434733728,80,13.13453013237739,80.21344507723514,1,0,0.5268860403485403,0.44615443584193576,0.02695952380952381
9.0,4.622196197509766,68.98624388339546,50,12.9990052777313,80.24845199981932,0,0,0.42245258808651664,0.3813824875521303,0.19616492436135297
13.0,1.8522543907165527,1880.4262373361423,40,13.120852122734847,80.17658764870563,0,0,0.9820581087791047,0.013036140539294212,0.004905750681601218
9.0,0.9263692498207092,3294.023928145208,50,13.130099145065588,80.2434425347384,0,0,0.9625598742174591,0.027891610650883702,0.009548515131657333
5.0,0.9263692498207092,4574.712182473428,50,13.186583065725008,80.23404146777582,0,0,0.6039881044200894,0.39471900342304755,0.001292892156862745
17.0,2.0707030296325684,138.80530097989256,10,13.069086779245769,80.2505463614605,1,1,0.32840310264591493,0.5341336460107111,0.13746325134337434
8.0,3.924445152282715,52.11758187631018,50,13.075687298412769,80.19057300621192,0,2,0.24966018891480746,0.2930643522068019,0.45727545887839094
6.0,2.927142381668091,540.9484153894829,40,13.198070335927335,80.29860354744348,0,2,0.17814371514923,0.2958398129648131,0.5260164718859571
11.0,1.8522543907165527,2080.1578693546267,10,13.114129157754665,80.19505995427559,0,0,0.9889147280471822,0.009183131280034949,0.0019021406727828746
14.0,2.618571519851685,3451.8961464943764,50,13.111939735692106,80.2181293919672,0,0,0.9685392455744569,0.01348375226104099,0.017977002164502164
12.0,5.839084625244141,1402.58530152047,50,13.053017146383729,80.16989581915946,0,0,0.7093484098532379,0.2502720994430578,0.04037949070370434
0.0,2.0707030296325684,171.6531030074757,50,12.942493060990207,80.24862164193758,1,1,0.054903670131927644,0.8173415340535916,0.1277547958144806
11.0,0.0,1891.695815281424,40,13.11859906246257,80.1789014269798,0,0,0.9304825452034572,0.03198536805612276,0.037532086740420086
-1.0,0.9263692498207092,303.4000575659885,50,12.935711578389345,80.24864194504003,1,1,0.1540370883095981,0.6054423828344532,0.24052052885594896
8.0,3.814206600189209,986.794413213358,50,13.195853573125817,80.3147593164979,1,0,0.5823750808015513,0.30602185661560666,0.11160306258284197
2.0,0.0,230.202300515413,90,12.946946606190524,80.22556110499765,0,0,0.5182746568838138,0.3682795498429218,0.11344579327326416
7.0,3.814206600189209,3495.787990830773,10,13.182123361800205,80.2548175031762,0,0,0.7206815202771085,0.12032385180179297,0.15899462792109856
3.0,1.309969782829285,860.8402292364624,50,13.0804999341921,80.28971339443596,0,0,0.6596045272312863,0.25846160844304433,0.08193386432566921
10.0,2.0707030296325684,358.02115013557744,50,13.014767720465665,80.22765643154055,0,1,0.3302726339930884,0.5520367351164454,0.11769063089046662
11.0,18.004419326782227,51.111736512666695,50,13.071272442811834,80.22517520881101,2,0,0.487197157009657,0.22753855866355877,0.2852642843267843
0.0,2.927142381668091,88.41536671562257,30,12.917546623945826,80.2210428874171,0,0,0.7264119144744143,0.1469138986013987,0.12667418692418692
13.0,2.777172803878784,252.7408387726336,10,13.050976113733077,80.2413782288936,0,0,0.6160773980921038,0.313902798794343,0.0700198031135531
14.0,2.618571519851685,435.1899132304233,50,13.021407705693438,80.18152806445464,1,2,0.2929177083505073,0.34515048630706735,0.3619318053424253
11.0,2.927142381668091,1864.7830982162857,50,13.08715036658222,80.2435737537205,1,0,0.5401927717913712,0.28960900264817924,0.17019822556044953
6.0,0.9263692498207092,29.980447173226096,10,13.077969323794054,80.19748329258952,1,0,0.3738318591131092,0.3239701617826617,0.30219797910422896
4.0,1.309969782829285,430.9302438832587,30,13.213848852132465,80.28240792767785,2,2,0.04211781968031968,0.04197690503940503,0.9159052752802751
0.0,3.7006449699401855,4265.985933595705,80,13.179835926193702,80.24559687613906,2,0,0.5337915417915415,0.35733291014540997,0.10887554806304806
9.0,1.309969782829285,1066.6838636096304,50,13.112121162540909,80.28039768392799,0,0,0.92738163592943,0.05831951953275482,0.014298844537815126
6.0,0.0,36.59678126342535,10,13.222884215716231,80.28007420805956,0,2,0.1413758875927995,0.08469911338661337,0.7739249990205876
0.0,2.0707030296325684,120.060077739305,50,12.944746903138888,80.24631018707781,1,1,0.08045853210196817,0.7851377570539971,0.13440371084403477
14.0,1.309969782829285,746.7661219948017,80,13.10266360261804,80.14436244806978,1,1,0.0801153499278499,0.9140499639249642,0.005834686147186147
3.0,2.927142381668091,333.86464599079187,30,13.202552985794604,80.28474803781896,1,2,0.038679743867243876,0.02366441197691198,0.9376558441558441
4.0,0.9263692498207092,3247.9739469376614,10,13.186644271015911,80.25480381556424,0,0,0.7378173546225014,0.16113428891370066,0.10104835646379763
13.0,3.814206600189209,177.70653442864125,10,13.066564875841134,80.16523899430487,2,1,0.3047473078821767,0.38058913107016834,0.31466356104765536
1.0,1.309969782829285,471.4999202088051,60,12.91303251446519,80.22336127285533,0,0,0.6552363769271666,0.11259289321789323,0.2321707298549405
9.0,4.713325023651123,554.5519689824459,50,13.07362106023628,80.25514447302153,0,1,0.4121657689739199,0.43951833579645083,0.14831589522962962
8.0,7.427391529083252,1510.5070524969444,80,13.143564827536848,80.21110977765089,1,1,0.183504890942391,0.8018611804861808,0.014633928571428569
8.0,2.927142381668091,3296.40210196281,50,13.109700185326284,80.22505512024739,0,0,0.9479345038754056,0.031561418077038016,0.020504078047556305
4.0,2.0707030296325684,688.367605940514,50,12.980812216847175,80.21162625264687,0,0,0.673641776701559,0.2909673780325954,0.035390845265845274
5.0,2.777172803878784,277.5142026257147,80,13.012614410616305,80.26454836680536,2,2,0.11573038909627478,0.21040298045423808,0.6738666304494874
12.0,1.8522543907165527,1270.5875067782122,50,13.080362202838684,80.2412884948466,0,0,0.8773724707245468,0.08514454659802671,0.037482982677426675
0.0,1.309969782829285,191.54890809378284,40,12.93110951665042,80.22100083890102,0,0,0.5451896998749087,0.3987573891633142,0.05605291096177724
3.0,2.927142381668091,21.53892699185069,10,13.116616184330304,80.27115937960886,2,2,0.09140805353879838,0.17758097780853327,0.7310109686526683
1.0,2.618571519851685,205.7566265864726,50,13.1709256093389,80.29176042286176,1,1,0.15422863833906156,0.669700714479161,0.17607064718177817
4.0,0.9263692498207092,1276.131151149809,50,12.960446976756028,80.20477589740862,1,0,0.5029133905044232,0.4773175618765291,0.019769047619047617
3.0,1.8522543907165527,3400.592783609244,30,13.177602450979284,80.25483118567524,0,0,0.4359117385882093,0.22268678788531754,0.34140147352647354
11.0,8.22935962677002,1023.7377228338416,50,13.084842099696392,80.22743883613427,0,0,0.5982779292686871,0.3325115062270818,0.06921056450423058
14.0,3.814206600189209,1236.156445655989,50,13.084848990171066,80.22974480518036,0,0,0.8471048136475063,0.08125195745220815,0.07164322890028549
1.0,0.0,77.91485575118867,50,12.947014047418016,80.24860810011522,1,1,0.15837896537896548,0.6536128846128848,0.18800815000815002
1.0,2.0707030296325684,18.753657390839283,40,12.910744480412728,80.21415082408583,0,0,0.6905303515928516,0.12061652236652233,0.18885312604062596
9.0,6.190611839294434,630.8881560521019,90,13.155037643179137,80.26873936709121,1,0,0.530034114737919,0.4001787730687186,0.06978711219336219
4.0,1.309969782829285,16.95518561514836,30,13.218389106774652,80.289316455665,2,2,0.013462148962148961,0.008312347374847377,0.9782255036630036
10.0,2.0707030296325684,3174.1281611941704,50,13.118721077659671,80.21810796651428,0,0,0.9786045868972524,0.012622222646415049,0.008773190456332658
0.0,3.7006449699401855,1184.87579882466,60,12.946891186674437,80.20712360401734,1,1,0.46134572086410325,0.509948471055089,0.02870580808080808
10.0,2.927142381668091,10.470936686195524,50,13.028330533363322,80.2276144154606,0,0,0.4879239022963614,0.1915274965665982,0.32054860113704
2.0,5.386162281036377,198.69277284015985,30,12.922108462058524,80.23485567304274,1,2,0.2952049166111667,0.2436125924728866,0.46118249091594676
10.0,4.713325023651123,360.80234938994687,50,13.026035465724563,80.21609432039826,0,1,0.3100243170441383,0.44512797058369286,0.24484771237216887
5.0,2.0707030296325684,3931.6205701068807,40,13.184301850438636,80.22712780733539,0,0,0.8378211873094226,0.1618174681527622,0.000361344537815126
6.0,3.7006449699401855,2213.375941074349,60,13.089567115924051,80.29891169295819,0,0,0.6970254606504607,0.19980600649350644,0.10316853285603282
1.0,0.9263692498207092,666.1565514541209,40,12.949165636736216,80.21172586607248,0,1,0.39399062049062067,0.6039677128427127,0.002041666666666667
10.0,1.8522543907165527,515.122955161295,10,13.00777879519389,80.16082555720858,2,0,0.43126143301143327,0.3257299297924298,0.24300863719613716
1.0,3.924445152282715,149.17818108423694,30,12.92212862377776,80.2417690889811,2,2,0.06279705119227176,0.1944564104196457,0.7427465383880828
1.0,0.9263692498207092,734.3100557885335,80,12.962769961056315,80.22551221350953,1,1,0.3487397776548559,0.4348718259362817,0.2163883964088626
5.0,1.309969782829285,611.4832044698971,40,13.1480500442911,80.19956260430399,1,0,0.7032546979691189,0.25027344055901923,0.04647186147186149
10.0,4.136011123657227,3273.667777376604,50,13.145874311344008,80.2272482815432,0,0,0.9137597964220273,0.08007417401630121,0.006166029561671765
4.0,3.814206600189209,438.6417407616697,90,13.218401888481218,80.29393095623672,2,2,0.13931554903429905,0.11517233114108125,0.74551211982462
5.0,1.8522543907165527,399.72684984031207,50,13.141513817880355,80.2826186774299,0,0,0.563150775188713,0.3391286251938411,0.09772059961744581
13.0,0.9263692498207092,638.7068711392417,10,13.046488697494588,80.2529201292691,0,0,0.6332891023656742,0.3222246119398978,0.04448628569442789
